{"cameraMode":{"drawMode":0,"name":"Shaded","section":"Shading Mode"},"sceneLighting":true,"audioPlay":false,"sceneViewState":{"showFog":true,"showMaterialUpdate":false,"showSkybox":true,"showFlares":true,"showImageEffects":true,"showParticleSystems":true},"in2DMode":false,"pivot":{"x":724.3999633789063,"y":706.580810546875,"z":0.0},"rotation":{"x":-0.11555095762014389,"y":-0.000896764628123492,"z":0.00010431196278659627,"w":-0.9933014512062073},"size":509.600341796875,"orthographic":false}