{"cameraMode":{"drawMode":0,"name":"Shaded","section":"Shading Mode"},"sceneLighting":true,"audioPlay":false,"sceneViewState":{"showFog":false,"showMaterialUpdate":false,"showSkybox":false,"showFlares":false,"showImageEffects":false,"showParticleSystems":false},"in2DMode":false,"pivot":{"x":3.117565870285034,"y":-6.483335018157959,"z":16.71809196472168},"rotation":{"x":0.222756490111351,"y":0.07448962330818176,"z":-0.017072811722755433,"w":0.9718786478042603},"size":11.655484199523926,"orthographic":false}