{"cameraMode":{"drawMode":0,"name":"Shaded","section":"Shading Mode"},"sceneLighting":true,"audioPlay":false,"sceneViewState":{"showFog":true,"showMaterialUpdate":false,"showSkybox":false,"showFlares":true,"showImageEffects":true,"showParticleSystems":true},"in2DMode":false,"pivot":{"x":4.186013698577881,"y":11.400975227355957,"z":1.7756940126419068},"rotation":{"x":0.3116997480392456,"y":-0.48623716831207278,"z":0.19030709564685822,"w":0.7939795255661011},"size":2.8928027153015138,"orthographic":false}