{"cameraMode":{"drawMode":0,"name":"Shaded","section":"Shading Mode"},"sceneLighting":true,"audioPlay":false,"sceneViewState":{"showFog":true,"showMaterialUpdate":false,"showSkybox":true,"showFlares":true,"showImageEffects":true,"showParticleSystems":true},"in2DMode":false,"pivot":{"x":12.960366249084473,"y":-3.3316192626953127,"z":17.067134857177736},"rotation":{"x":-0.5382984280586243,"y":-0.1711464673280716,"z":0.1127496138215065,"w":-0.8175063133239746},"size":20.097761154174806,"orthographic":false}