{"cameraMode":{"drawMode":0,"name":"Shaded","section":"Shading Mode"},"sceneLighting":false,"audioPlay":false,"sceneViewState":{"showFog":true,"showMaterialUpdate":false,"showSkybox":false,"showFlares":true,"showImageEffects":true,"showParticleSystems":true},"in2DMode":false,"pivot":{"x":0.026370882987976075,"y":0.4946572482585907,"z":0.08611369132995606},"rotation":{"x":-0.22559913992881776,"y":-0.7499517202377319,"z":0.31669288873672488,"w":-0.5353862047195435},"size":1.6970090866088868,"orthographic":false}