{"cameraMode":{"drawMode":0,"name":"Shaded","section":"Shading Mode"},"sceneLighting":true,"audioPlay":false,"sceneViewState":{"showFog":true,"showMaterialUpdate":false,"showSkybox":true,"showFlares":true,"showImageEffects":true,"showParticleSystems":true},"in2DMode":false,"pivot":{"x":11.618517875671387,"y":-47.7722053527832,"z":8.470815658569336},"rotation":{"x":-0.0009475840488448739,"y":-0.7417331337928772,"z":0.6709147095680237,"w":-0.0015664317179471255},"size":52.89879608154297,"orthographic":false}